user_prompt,url_to_check,func_rating,custom_rating
What are the symptoms of depression?,https://www.nimh.nih.gov/health/topics/depression,3,2
Is it safe to travel during a pandemic?,https://www.who.int/news-room/fact-sheets/detail/travel-and-health,2,4
How can I boost my immune system naturally?,https://www.webmd.com/immune-system/ss/slideshow-boost-immune,4,3
How do I learn to code in Python?,https://www.codecademy.com/learn/learn-python-3,3,4
AI-powered predictive analytics is revolutionizing industries by enabling businesses to anticipate future trends and customer behavior.,https://www.google.com/url?sa=E&source=gmail&q=https://www.ibm.com/topics/predictive-analytics,2,4
"Data science is becoming increasingly interdisciplinary, drawing on expertise from fields like statistics, computer science, and domain-specific knowledge.",https://www.google.com/search?q=https://www.datacamp.com/blog/data-science-fields,3,2
The use of social media and AI-driven bots in political campaigns raises concerns about the spread of misinformation and propaganda.,https://www.google.com/search?q=https://www.cfr.org/cybersecurity/cyber-interference-elections,2,2
Virtual reality and augmented reality are transforming the way we interact with technology and experience the world.,https://www.google.com/search?q=https://www.forbes.com/sites/forbestechcouncil/2022/12/16/the-impact-of-vr-and-ar-on-society-in-2023-and-beyond/%3Fsh%3D7398e1697223,2,1
Blockchain technology has the potential to revolutionize industries by providing secure and transparent record-keeping.,https://www.google.com/url?sa=E&source=gmail&q=https://www.investopedia.com/terms/b/blockchain.asp,4,5
Quantum computing is a nascent technology that could potentially revolutionize computing by solving problems that are currently intractable for classical computers.,https://www.google.com/url?sa=E&source=gmail&q=https://www.ibm.com/quantum-computing,2,3
"The universe is vast and mostly empty, a cosmic ocean dotted with islands of matter.",https://www.google.com/url?sa=E&source=gmail&q=https://www.nasa.gov/universe,3,2
"Climate change is causing a rise in global temperatures, leading to more frequent and intense extreme weather events.",https://www.google.com/url?sa=E&source=gmail&q=https://www.ipcc.ch/,4,3
The development of new antibiotics is struggling to keep pace with the growing problem of antibiotic resistance.,https://www.google.com/url?sa=E&source=gmail&q=https://www.who.int/news-room/fact-sheets/detail/antibiotic-resistance,2,4
The exploration of space continues to inspire scientific discovery and expand our understanding of the universe.,https://www.google.com/url?sa=E&source=gmail&q=https://www.esa.int/,2,2
"Artificial intelligence has the potential to automate many tasks currently performed by humans, leading to increased productivity but also potential job displacement.",https://www.google.com/search?q=https://www.oecd.org/sti/inno/artificial-intelligence-in-work-innovation-productivity-and-skills-97c9c7c7-en.htm,4,2
